url,title,editor,publication_model,impact_factor,impact_factor_year,impact_factor_5_years,impact_factor_5_years_year,downloads,downloads_year,journal_cover,latest_issue_cover,issn_electronic,issn_print,is_parsable
https://link.springer.com/journal/12598,Rare Metals,Hai-Ling Tu,Hybrid,6.318,2021.0,6.318,2021.0,231045.0,2021.0,https://media.springernature.com/w92/springer-static/cover/journal/12598.jpg,https://media.springernature.com/w92/springer-static/cover/journal/12598/41/9.jpg,1867-7185,1001-0521,True
https://link.springer.com/journal/42864,Tungsten,Bin Yang,Hybrid,,,,,33909.0,2021.0,https://media.springernature.com/w92/springer-static/cover/journal/42864.jpg,https://media.springernature.com/w92/springer-static/cover/journal/42864/4/3.jpg,2661-8036,2661-8028,True
https://link.springer.com/journal/40195,Acta Metallurgica Sinica (English Letters),Hengqiang YE,HybridTransformativeJournal,3.024,2021.0,3.024,2021.0,108439.0,2021.0,https://media.springernature.com/w92/springer-static/cover/journal/40195.jpg,https://media.springernature.com/w92/springer-static/cover/journal/40195/35/9.jpg,2194-1289,1006-7191,True
https://link.springer.com/journal/10971,Journal of Sol-Gel Science and Technology,Michel A. Aegerter,HybridTransformativeJournal,2.606,2021.0,2.606,2021.0,337732.0,2021.0,https://media.springernature.com/w92/springer-static/cover/journal/10971.jpg,https://media.springernature.com/w92/springer-static/cover/journal/10971/103/3.jpg,1573-4846,0928-0707,True
https://link.springer.com/journal/12613,"International Journal of Minerals, Metallurgy and Materials",Ai-xiang Wu,HybridTransformativeJournal,3.85,2021.0,3.85,2021.0,66694.0,2021.0,https://media.springernature.com/w92/springer-static/cover/journal/12613.jpg,https://media.springernature.com/w92/springer-static/cover/journal/12613/29/9.jpg,1869-103X,1674-4799,True
https://link.springer.com/journal/40089,International Nano Letters,Atefeh Ghaderi,HybridTransformativeJournal,,,,,216495.0,2021.0,https://media.springernature.com/w92/springer-static/cover/journal/40089.jpg,https://media.springernature.com/w92/springer-static/cover/journal/40089/12/3.jpg,2228-5326,,True
https://link.springer.com/journal/11664,Journal of Electronic Materials,Shadi Shahedipour-Sandvik,Hybrid,2.047,2021.0,2.047,2021.0,398486.0,2021.0,https://media.springernature.com/w92/springer-static/cover/journal/11664.jpg,https://media.springernature.com/w92/springer-static/cover/journal/11664/51/9.jpg,,,True
https://link.springer.com/journal/40204,Progress in Biomaterials,Hamid Mirzadeh,HybridTransformativeJournal,4.878,2021.0,4.878,2021.0,109545.0,2021.0,https://media.springernature.com/w92/springer-static/cover/journal/40204.jpg,https://media.springernature.com/w92/springer-static/cover/journal/40204/11/3.jpg,2194-0517,,True
https://link.springer.com/journal/40870,Journal of Dynamic Behavior of Materials,Jennifer Jordan,HybridTransformativeJournal,,,,,74754.0,2021.0,https://media.springernature.com/w92/springer-static/cover/journal/40870.jpg,https://media.springernature.com/w92/springer-static/cover/journal/40870/8/3.jpg,2199-7454,2199-7446,True
https://link.springer.com/journal/11661,Metallurgical and Materials Transactions A,Tresa M. Pollock,Hybrid,2.726,2021.0,2.726,2021.0,1131009.0,2021.0,https://media.springernature.com/w92/springer-static/cover/journal/11661.jpg,https://media.springernature.com/w92/springer-static/cover/journal/11661/53/9.jpg,,,True
https://link.springer.com/journal/40194,Welding in the World,"Thomas Kannengiesser, ",HybridTransformativeJournal,1.984,2021.0,1.984,2021.0,216101.0,2021.0,https://media.springernature.com/w92/springer-static/cover/journal/40194.jpg,https://media.springernature.com/w92/springer-static/cover/journal/40194/66/9.jpg,1878-6669,0043-2288,True
https://link.springer.com/journal/40843,Science China Materials,Yadong Li,HybridTransformativeJournal,8.64,2021.0,8.64,2021.0,257115.0,2021.0,https://media.springernature.com/w92/springer-static/cover/journal/40843.jpg,https://media.springernature.com/w92/springer-static/cover/journal/40843/65/9.jpg,2199-4501,2095-8226,True
https://link.springer.com/journal/397,Rheologica Acta,"Philippe Coussot, ",HybridTransformativeJournal,2.824,2021.0,2.824,2021.0,160763.0,2021.0,https://media.springernature.com/w92/springer-static/cover/journal/397.jpg,https://media.springernature.com/w92/springer-static/cover/journal/397/61/8.jpg,1435-1528,0035-4511,True
https://link.springer.com/journal/12274,Nano Research,"Yadong Li, ",HybridTransformativeJournal,10.269,2021.0,10.269,2021.0,606242.0,2021.0,https://media.springernature.com/w92/springer-static/cover/journal/12274.jpg,https://media.springernature.com/w92/springer-static/cover/journal/12274/15/9.jpg,1998-0000,1998-0124,True
https://link.springer.com/journal/42825,Journal of Leather Science and Engineering,,,,,,,,,,,,,True
https://link.springer.com/journal/41745,Journal of the Indian Institute of Science,G. K. Ananthasuresh,Hybrid,2.456,2021.0,2.456,2021.0,94019.0,2021.0,https://media.springernature.com/w92/springer-static/cover/journal/41745.jpg,https://media.springernature.com/w92/springer-static/cover/journal/41745/102/1.jpg,0019-4964,0970-4140,True
https://link.springer.com/journal/13204,Applied Nanoscience,Muhammad M. Hussain,HybridTransformativeJournal,3.869,2021.0,3.869,2021.0,472034.0,2021.0,https://media.springernature.com/w92/springer-static/cover/journal/13204.jpg,https://media.springernature.com/w92/springer-static/cover/journal/13204/12/8.jpg,2190-5517,,True
https://link.springer.com/journal/10443,Applied Composite Materials,Maria Kashtalyan,HybridTransformativeJournal,2.368,2021.0,2.368,2021.0,135037.0,2021.0,https://media.springernature.com/w92/springer-static/cover/journal/10443.jpg,https://media.springernature.com/w92/springer-static/cover/journal/10443/29/4.jpg,1573-4897,0929-189X,True
https://link.springer.com/journal/10854,Journal of Materials Science: Materials in Electronics,Safa O. Kasap,HybridTransformativeJournal,2.779,2021.0,2.779,2021.0,1368227.0,2021.0,https://media.springernature.com/w92/springer-static/cover/journal/10854.jpg,https://media.springernature.com/w92/springer-static/cover/journal/10854/33/24.jpg,1573-482X,0957-4522,True
https://link.springer.com/journal/40824,Biomaterials Research,,,,,,,,,,,,,True
https://link.springer.com/journal/10853,Journal of Materials Science,C. Barry Carter,HybridTransformativeJournal,4.682,2021.0,4.682,2021.0,2405613.0,2021.0,https://media.springernature.com/w92/springer-static/cover/journal/10853.jpg,https://media.springernature.com/w92/springer-static/cover/journal/10853/57/31.jpg,1573-4803,0022-2461,True
https://link.springer.com/journal/11051,Journal of Nanoparticle Research,Mihail C. Roco,HybridTransformativeJournal,2.533,2021.0,2.533,2021.0,676843.0,2021.0,https://media.springernature.com/w92/springer-static/cover/journal/11051.jpg,https://media.springernature.com/w92/springer-static/cover/journal/11051/24/9.jpg,1572-896X,1388-0764,True
https://link.springer.com/journal/11666,Journal of Thermal Spray Technology,Armelle Vardelle,Hybrid,2.839,2021.0,2.839,2021.0,329678.0,2021.0,https://media.springernature.com/w92/springer-static/cover/journal/11666.jpg,https://media.springernature.com/w92/springer-static/cover/journal/11666/31/5.jpg,,,True
https://link.springer.com/journal/11668,Journal of Failure Analysis and Prevention,Elvin Beach,Hybrid,,,,,190200.0,2021.0,https://media.springernature.com/w92/springer-static/cover/journal/11668.jpg,https://media.springernature.com/w92/springer-static/cover/journal/11668/22/3.jpg,1864-1245,1547-7029,True
https://link.springer.com/journal/43577,MRS Bulletin,Gopal R. Rao,HybridTransformativeJournal,4.882,2021.0,4.882,2021.0,431380.0,2021.0,https://media.springernature.com/w92/springer-static/cover/journal/43577.jpg,https://media.springernature.com/w92/springer-static/cover/journal/43577/47/5.jpg,1938-1425,0883-7694,True
https://link.springer.com/journal/44210,High Entropy Alloys & Materials,"Ian Baker, ",Hybrid,,,,,,,https://media.springernature.com/w92/springer-static/cover/journal/44210.jpg,,2731-5827,2731-5819,False
https://link.springer.com/journal/12666,Transactions of the Indian Institute of Metals,B.S. Murty,HybridTransformativeJournal,1.391,2021.0,1.391,2021.0,145111.0,2021.0,https://media.springernature.com/w92/springer-static/cover/journal/12666.jpg,https://media.springernature.com/w92/springer-static/cover/journal/12666/75/8.jpg,0975-1645,0972-2815,True
https://link.springer.com/journal/41779,Journal of the Australian Ceramic Society,"Besim Ben-Nissan, ",HybridTransformativeJournal,1.741,2021.0,1.741,2021.0,48925.0,2021.0,https://media.springernature.com/w92/springer-static/cover/journal/41779.jpg,https://media.springernature.com/w92/springer-static/cover/journal/41779/58/3.jpg,2510-1579,2510-1560,True
https://link.springer.com/journal/11663,Metallurgical and Materials Transactions B,Tresa M. Pollock,Hybrid,2.872,2021.0,2.872,2021.0,527635.0,2021.0,https://media.springernature.com/w92/springer-static/cover/journal/11663.jpg,https://media.springernature.com/w92/springer-static/cover/journal/11663/53/4.jpg,,,True
https://link.springer.com/journal/12645,Cancer Nanotechnology,,,,,,,,,,,,,True
https://link.springer.com/journal/11665,Journal of Materials Engineering and Performance,Rajiv Asthana,Hybrid,2.036,2021.0,2.036,2021.0,826794.0,2021.0,https://media.springernature.com/w92/springer-static/cover/journal/11665.jpg,https://media.springernature.com/w92/springer-static/cover/journal/11665/31/7.jpg,,,True
https://link.springer.com/journal/42341,Transactions on Electrical and Electronic Materials,Yong-Hoon Kim,HybridTransformativeJournal,,,,,25138.0,2021.0,https://media.springernature.com/w92/springer-static/cover/journal/42341.jpg,https://media.springernature.com/w92/springer-static/cover/journal/42341/23/4.jpg,2092-7592,1229-7607,True
https://link.springer.com/journal/43580,MRS Advances,David F. Bahr,HybridTransformativeJournal,,,,,61476.0,2021.0,https://media.springernature.com/w92/springer-static/cover/journal/43580.jpg,https://media.springernature.com/w92/springer-static/cover/journal/43580/7/27.jpg,2059-8521,,True
https://link.springer.com/journal/43578,Journal of Materials Research,RAMAMOORTHY RAMESH,HybridTransformativeJournal,2.909,2021.0,2.909,2021.0,386676.0,2021.0,https://media.springernature.com/w92/springer-static/cover/journal/43578.jpg,https://media.springernature.com/w92/springer-static/cover/journal/43578/37/14.jpg,2044-5326,0884-2914,True
https://link.springer.com/journal/11249,Tribology Letters,Nicholas D. Spencer,HybridTransformativeJournal,3.327,2021.0,3.327,2021.0,328385.0,2021.0,https://media.springernature.com/w92/springer-static/cover/journal/11249.jpg,https://media.springernature.com/w92/springer-static/cover/journal/11249/70/4.jpg,1573-2711,1023-8883,True
https://link.springer.com/journal/42114,Advanced Composites and Hybrid Materials,John Zhanhu Guo,HybridTransformativeJournal,11.806,2021.0,11.806,2021.0,88545.0,2021.0,https://media.springernature.com/w92/springer-static/cover/journal/42114.jpg,https://media.springernature.com/w92/springer-static/cover/journal/42114/5/2.jpg,2522-0136,2522-0128,True
https://link.springer.com/journal/43581,MRS Energy & Sustainability,Y. Shirley Meng,HybridTransformativeJournal,,,,,47808.0,2021.0,https://media.springernature.com/w92/springer-static/cover/journal/43581.jpg,https://media.springernature.com/w92/springer-static/cover/journal/43581/9/1.jpg,2329-2237,,True
https://link.springer.com/journal/43579,MRS Communications,Rigoberto C. Advincula,HybridTransformativeJournal,2.935,2021.0,2.935,2021.0,83315.0,2021.0,https://media.springernature.com/w92/springer-static/cover/journal/43579.jpg,https://media.springernature.com/w92/springer-static/cover/journal/43579/12/3.jpg,2159-6867,,True
https://link.springer.com/journal/44174,Biomedical Materials & Devices,Roger Narayan,Hybrid,,,,,,,https://media.springernature.com/w92/springer-static/cover/journal/44174.jpg,,2731-4820,2731-4812,False
https://link.springer.com/journal/43939,Discover Materials,Rodrigo Martins,OpenAccess,,,,,35097.0,2021.0,https://media.springernature.com/w92/springer-static/cover/journal/43939.jpg,https://media.springernature.com/w92/springer-static/cover/journal/43939/2/1.jpg,2730-7727,,True
https://link.springer.com/journal/40145,Journal of Advanced Ceramics,Longtu Li,OpenAccess,11.534,2021.0,11.534,2021.0,160329.0,2021.0,https://media.springernature.com/w92/springer-static/cover/journal/40145.jpg,https://media.springernature.com/w92/springer-static/cover/journal/40145/11/8.jpg,2227-8508,2226-4108,True
https://link.springer.com/journal/43207,Journal of the Korean Ceramic Society,Jae-Chul Pyun,HybridTransformativeJournal,2.506,2021.0,2.506,2021.0,22881.0,2021.0,https://media.springernature.com/w92/springer-static/cover/journal/43207.jpg,https://media.springernature.com/w92/springer-static/cover/journal/43207/59/4.jpg,2234-0491,1229-7801,True
https://link.springer.com/journal/40799,Experimental Techniques,Bonnie Antoun,HybridTransformativeJournal,1.7,2021.0,1.7,2021.0,62195.0,2021.0,https://media.springernature.com/w92/springer-static/cover/journal/40799.jpg,https://media.springernature.com/w92/springer-static/cover/journal/40799/46/4.jpg,1747-1567,0732-8818,True
https://link.springer.com/journal/11671,Nanoscale Research Letters,,,,,,,,,,,,,True
https://link.springer.com/journal/13391,Electronic Materials Letters,Byungha Shin,HybridTransformativeJournal,3.151,2021.0,3.151,2021.0,64404.0,2021.0,https://media.springernature.com/w92/springer-static/cover/journal/13391.jpg,https://media.springernature.com/w92/springer-static/cover/journal/13391/18/4.jpg,2093-6788,1738-8090,True
https://link.springer.com/journal/42823,Carbon Letters,Yun Suk Huh,HybridTransformativeJournal,3.117,2021.0,3.117,2021.0,38983.0,2021.0,https://media.springernature.com/w92/springer-static/cover/journal/42823.jpg,https://media.springernature.com/w92/springer-static/cover/journal/42823/32/5.jpg,2233-4998,1976-4251,True
https://link.springer.com/journal/40830,Shape Memory and Superelasticity,Huseyin Sehitoglu,Hybrid,,,,,70735.0,2021.0,https://media.springernature.com/w92/springer-static/cover/journal/40830.jpg,https://media.springernature.com/w92/springer-static/cover/journal/40830/8/2.jpg,2199-3858,2199-384X,True
https://link.springer.com/journal/13632,"Metallography, Microstructure, and Analysis",Ryan M. Deacon,Hybrid,,,,,120716.0,2021.0,https://media.springernature.com/w92/springer-static/cover/journal/13632.jpg,https://media.springernature.com/w92/springer-static/cover/journal/13632/11/3.jpg,2192-9270,,True
https://link.springer.com/journal/40962,International Journal of Metalcasting,Thomas Prucha,HybridTransformativeJournal,2.263,2021.0,2.263,2021.0,90503.0,2021.0,https://media.springernature.com/w92/springer-static/cover/journal/40962.jpg,https://media.springernature.com/w92/springer-static/cover/journal/40962/16/3.jpg,2163-3193,1939-5981,True
https://link.springer.com/journal/40735,Journal of Bio- and Tribo-Corrosion,"Margaret Stack, ",HybridTransformativeJournal,,,,,71090.0,2021.0,https://media.springernature.com/w92/springer-static/cover/journal/40735.jpg,https://media.springernature.com/w92/springer-static/cover/journal/40735/8/4.jpg,2198-4239,2198-4220,True
https://link.springer.com/journal/12540,Metals and Materials International,HyoungSeop Kim,HybridTransformativeJournal,3.451,2021.0,3.451,2021.0,219929.0,2021.0,https://media.springernature.com/w92/springer-static/cover/journal/12540.jpg,https://media.springernature.com/w92/springer-static/cover/journal/12540/28/8.jpg,2005-4149,1598-9623,True
https://link.springer.com/journal/43538,Proceedings of the Indian National Science Academy,Sanjay Puri,Subscription,,,,,4829.0,2021.0,https://media.springernature.com/w92/springer-static/cover/journal/43538.jpg,https://media.springernature.com/w92/springer-static/cover/journal/43538/88/2.jpg,2454-9983,0370-0046,True
https://link.springer.com/journal/42765,Advanced Fiber Materials,Meifang Zhu,HybridTransformativeJournal,12.958,2021.0,12.958,2021.0,48440.0,2021.0,https://media.springernature.com/w92/springer-static/cover/journal/42765.jpg,https://media.springernature.com/w92/springer-static/cover/journal/42765/4/4.jpg,2524-793X,2524-7921,True
https://link.springer.com/journal/40192,Integrating Materials and Manufacturing Innovation,Charles Ward,Hybrid,3.551,2021.0,3.551,2021.0,87787.0,2021.0,https://media.springernature.com/w92/springer-static/cover/journal/40192.jpg,https://media.springernature.com/w92/springer-static/cover/journal/40192/11/2.jpg,2193-9772,2193-9764,True
https://link.springer.com/journal/42464,Journal of Rubber Research,Sunderasan Elumalai,Hybrid,1.208,2021.0,1.208,2021.0,17959.0,2021.0,https://media.springernature.com/w92/springer-static/cover/journal/42464.jpg,https://media.springernature.com/w92/springer-static/cover/journal/42464/25/2.jpg,2524-3993,1511-1768,True
https://link.springer.com/journal/11085,Oxidation of Metals,Brian Gleeson,HybridTransformativeJournal,1.972,2021.0,1.972,2021.0,124400.0,2021.0,https://media.springernature.com/w92/springer-static/cover/journal/11085.jpg,https://media.springernature.com/w92/springer-static/cover/journal/11085/98/1.jpg,1573-4889,0030-770X,True
https://link.springer.com/journal/12034,Bulletin of Materials Science,Giridhar U Kulkarni,Subscription,1.878,2021.0,1.878,2021.0,161316.0,2021.0,https://media.springernature.com/w92/springer-static/cover/journal/12034.jpg,https://media.springernature.com/w92/springer-static/cover/journal/12034/45/3.jpg,0973-7669,,True
https://link.springer.com/journal/40580,Nano Convergence,,,,,,,,,,,,,True
https://link.springer.com/journal/40883,Regenerative Engineering and Translational Medicine,Cato T. Laurencin,HybridTransformativeJournal,,,,,51425.0,2021.0,https://media.springernature.com/w92/springer-static/cover/journal/40883.jpg,https://media.springernature.com/w92/springer-static/cover/journal/40883/8/2.jpg,2364-4141,2364-4133,True
https://link.springer.com/journal/11998,Journal of Coatings Technology and Research,Mark Nichols,HybridTransformativeJournal,2.339,2021.0,2.339,2021.0,183759.0,2021.0,https://media.springernature.com/w92/springer-static/cover/journal/11998.jpg,https://media.springernature.com/w92/springer-static/cover/journal/11998/19/4.jpg,,,True
https://link.springer.com/journal/40494,Heritage Science,,,,,,,,,,,,,True
https://link.springer.com/journal/13367,Korea-Australia Rheology Journal,"Kyu Hyun, ",HybridTransformativeJournal,1.404,2021.0,1.404,2021.0,8304.0,2021.0,https://media.springernature.com/w92/springer-static/cover/journal/13367.jpg,https://media.springernature.com/w92/springer-static/cover/journal/13367/34/3.jpg,2093-7660,1226-119X,True
https://link.springer.com/journal/42247,Emergent Materials,Alamgir Karim,HybridTransformativeJournal,,,,,168876.0,2021.0,https://media.springernature.com/w92/springer-static/cover/journal/42247.jpg,https://media.springernature.com/w92/springer-static/cover/journal/42247/5/3.jpg,2522-574X,2522-5731,True
https://link.springer.com/journal/11015,Metallurgist,Elena Kh. Ivanova,Subscription,0.887,2021.0,0.887,2021.0,45238.0,2021.0,https://media.springernature.com/w92/springer-static/cover/journal/11015.jpg,https://media.springernature.com/w92/springer-static/cover/journal/11015/66/3.jpg,1573-8892,0026-0894,True
https://link.springer.com/journal/11041,Metal Science and Heat Treatment,V. S. Kraposhin,Subscription,0.566,2021.0,0.566,2021.0,66743.0,2021.0,https://media.springernature.com/w92/springer-static/cover/journal/11041.jpg,https://media.springernature.com/w92/springer-static/cover/journal/11041/63/11.jpg,1573-8973,0026-0673,True
https://link.springer.com/journal/13404,Gold Bulletin,A. Stephen K. Hashmi,HybridTransformativeJournal,1.564,2021.0,1.564,2021.0,264813.0,2021.0,https://media.springernature.com/w92/springer-static/cover/journal/13404.jpg,https://media.springernature.com/w92/springer-static/cover/journal/13404/55/1.jpg,2190-7579,2364-821X,True
https://link.springer.com/journal/42649,Applied Microscopy,,,,,,,,,,,,,True
https://link.springer.com/journal/43591,Microplastics and Nanoplastics,,,,,,,,,,,,,True
https://link.springer.com/journal/10832,Journal of Electroceramics,Harry Tuller,HybridTransformativeJournal,1.814,2021.0,1.814,2021.0,82764.0,2021.0,https://media.springernature.com/w92/springer-static/cover/journal/10832.jpg,https://media.springernature.com/w92/springer-static/cover/journal/10832/48/4.jpg,1573-8663,1385-3449,True
https://link.springer.com/journal/42824,Materials Circular Economy,Seeram Ramakrishna,Hybrid,,,,,44679.0,2021.0,https://media.springernature.com/w92/springer-static/cover/journal/42824.jpg,https://media.springernature.com/w92/springer-static/cover/journal/42824/4/1.jpg,2524-8154,2524-8146,True
https://link.springer.com/journal/11706,Frontiers of Materials Science,Binglin Gu,Hybrid,2.612,2021.0,2.612,2021.0,14089.0,2021.0,https://media.springernature.com/w92/springer-static/cover/journal/11706.jpg,https://media.springernature.com/w92/springer-static/cover/journal/11706/16/3.jpg,2095-0268,2095-025X,True
https://link.springer.com/journal/11700,"Journal of Surface Investigation: X-ray, Synchrotron and Neutron Techniques",Viktor A. Matveev,Hybrid,0.359,2012.0,0.359,2012.0,26026.0,2021.0,https://media.springernature.com/w92/springer-static/cover/journal/11700.jpg,https://media.springernature.com/w92/springer-static/cover/journal/11700/16/4.jpg,1819-7094,1027-4510,True
https://link.springer.com/journal/10720,Glass Physics and Chemistry,Vladimir Shevchenko,Hybrid,0.685,2021.0,0.685,2021.0,18614.0,2021.0,https://media.springernature.com/w92/springer-static/cover/journal/10720.jpg,https://media.springernature.com/w92/springer-static/cover/journal/10720/48/4.jpg,1608-313X,1087-6596,True
https://link.springer.com/journal/11595,Journal of Wuhan University of Technology-Mater. Sci. Ed.,Dongyuan Zhao,Hybrid,1.271,2021.0,1.271,2021.0,48109.0,2021.0,https://media.springernature.com/w92/springer-static/cover/journal/11595.jpg,https://media.springernature.com/w92/springer-static/cover/journal/11595/37/4.jpg,1993-0437,1000-2413,True
https://link.springer.com/journal/40243,Materials for Renewable and Sustainable Energy,Vincenzo Baglio,OpenAccess,,,,,115644.0,2021.0,https://media.springernature.com/w92/springer-static/cover/journal/40243.jpg,https://media.springernature.com/w92/springer-static/cover/journal/40243/11/2.jpg,2194-1467,2194-1459,True
https://link.springer.com/journal/11003,Materials Science,Zinoviy T. Nazarchuk,Subscription,0.508,2021.0,0.508,2021.0,27355.0,2021.0,https://media.springernature.com/w92/springer-static/cover/journal/11003.jpg,https://media.springernature.com/w92/springer-static/cover/journal/11003/57/4.jpg,1573-885X,1068-820X,True
https://link.springer.com/journal/10717,Glass and Ceramics,Lyudmila V. Sokolova,Subscription,0.668,2021.0,0.668,2021.0,44108.0,2021.0,https://media.springernature.com/w92/springer-static/cover/journal/10717.jpg,https://media.springernature.com/w92/springer-static/cover/journal/10717/79/3.jpg,1573-8515,0361-7610,True
https://link.springer.com/journal/11029,Mechanics of Composite Materials,Andris K. Chate,Subscription,1.285,2021.0,1.285,2021.0,33747.0,2021.0,https://media.springernature.com/w92/springer-static/cover/journal/11029.jpg,https://media.springernature.com/w92/springer-static/cover/journal/11029/58/3.jpg,1573-8922,0191-5665,True
https://link.springer.com/journal/11124,Protection of Metals and Physical Chemistry of Surfaces,Aslan Yu. Tsivadze,Hybrid,0.943,2021.0,0.943,2021.0,29634.0,2021.0,https://media.springernature.com/w92/springer-static/cover/journal/11124.jpg,https://media.springernature.com/w92/springer-static/cover/journal/11124/58/2.jpg,2070-206X,2070-2051,True
https://link.springer.com/journal/10856,Journal of Materials Science: Materials in Medicine,Luigi Ambrosio,OpenAccess,4.727,2021.0,4.727,2021.0,481339.0,2021.0,https://media.springernature.com/w92/springer-static/cover/journal/10856.jpg,https://media.springernature.com/w92/springer-static/cover/journal/10856/33/8.jpg,1573-4838,,True
https://link.springer.com/journal/11106,Powder Metallurgy and Metal Ceramics,Yuri M. Solonin,Subscription,0.913,2021.0,0.913,2021.0,47551.0,2021.0,https://media.springernature.com/w92/springer-static/cover/journal/11106.jpg,https://media.springernature.com/w92/springer-static/cover/journal/11106/60/11.jpg,1573-9066,1068-1302,True
https://link.springer.com/journal/11505,Russian Metallurgy (Metally),Konstantin V. Grigorovich ,Hybrid,,,,,29325.0,2021.0,https://media.springernature.com/w92/springer-static/cover/journal/11505.jpg,https://media.springernature.com/w92/springer-static/cover/journal/11505/2022/7.jpg,1555-6255,0036-0295,True
https://link.springer.com/journal/42252,Functional Composite Materials,,,,,,,,,,,,,True
https://link.springer.com/journal/11223,Strength of Materials,Anatoly P. Zinkovskii,Subscription,0.667,2021.0,0.667,2021.0,40314.0,2021.0,https://media.springernature.com/w92/springer-static/cover/journal/11223.jpg,https://media.springernature.com/w92/springer-static/cover/journal/11223/54/2.jpg,1573-9325,0039-2316,True
https://link.springer.com/journal/41127,Graphene and 2D Materials,"Costas Galiotis, ",HybridTransformativeJournal,,,,,4837.0,2021.0,https://media.springernature.com/w92/springer-static/cover/journal/41127.jpg,https://media.springernature.com/w92/springer-static/cover/journal/41127/7/1.jpg,2731-6513,2731-6505,True
https://link.springer.com/journal/42411,Interceram - International Ceramic Review,,Subscription,,,,,13081.0,2021.0,https://media.springernature.com/w92/springer-static/cover/journal/42411.jpg,https://media.springernature.com/w92/springer-static/cover/journal/42411/71/2.jpg,2523-8957,0020-5214,True
https://link.springer.com/journal/12003,International Journal of Self-Propagating High-Temperature Synthesis,Alexander S. Rogachev,Hybrid,,,,,6846.0,2021.0,https://media.springernature.com/w92/springer-static/cover/journal/12003.jpg,https://media.springernature.com/w92/springer-static/cover/journal/12003/31/2.jpg,1934-788X,1061-3862,True
https://link.springer.com/journal/11981,Russian Journal of Non-Ferrous Metals,Evgeny A. Levashov,Hybrid,0.691,2021.0,0.691,2021.0,14706.0,2021.0,https://media.springernature.com/w92/springer-static/cover/journal/11981.jpg,https://media.springernature.com/w92/springer-static/cover/journal/11981/63/3.jpg,1934-970X,1067-8212,True
https://link.springer.com/journal/11148,Refractories and Industrial Ceramics,Ivan D. Kashcheev,Subscription,0.773,2021.0,0.773,2021.0,34007.0,2021.0,https://media.springernature.com/w92/springer-static/cover/journal/11148.jpg,https://media.springernature.com/w92/springer-static/cover/journal/11148/62/5.jpg,1573-9139,1083-4877,True
https://link.springer.com/journal/41313,Materials Theory,,,,,,,,,,,,,True
https://link.springer.com/journal/11508,Physics of Metals and Metallography,Vladimir V. Ustinov,Hybrid,1.319,2021.0,1.319,2021.0,31125.0,2021.0,https://media.springernature.com/w92/springer-static/cover/journal/11508.jpg,https://media.springernature.com/w92/springer-static/cover/journal/11508/123/5.jpg,1555-6190,0031-918X,True
https://link.springer.com/journal/12201,Nanobiotechnology Reports,Mikhail V. Kovalchuk,Hybrid,,,,,21651.0,2021.0,https://media.springernature.com/w92/springer-static/cover/journal/12201.jpg,https://media.springernature.com/w92/springer-static/cover/journal/12201/17/2.jpg,2635-1684,2635-1676,True
https://link.springer.com/journal/11181,Russian Journal of Nondestructive Testing,Vladimir N. Kostin,Hybrid,0.674,2021.0,0.674,2021.0,12930.0,2021.0,https://media.springernature.com/w92/springer-static/cover/journal/11181.jpg,https://media.springernature.com/w92/springer-static/cover/journal/11181/58/3.jpg,1608-3385,1061-8309,True
https://link.springer.com/journal/11986,Steel in Translation,"Leopold I. Leontâ€™ev, ",Hybrid,,,,,11986.0,2021.0,https://media.springernature.com/w92/springer-static/cover/journal/11986.jpg,https://media.springernature.com/w92/springer-static/cover/journal/11986/52/1.jpg,1935-0988,0967-0912,True
https://link.springer.com/journal/40563,Applied Adhesion Science,,,,,,,,,,,,,True
https://link.springer.com/journal/43582,MRS Online Proceedings Library, ,Hybrid,,,,,,,https://media.springernature.com/w92/springer-static/cover/journal/43582.jpg,https://media.springernature.com/w92/springer-static/cover/journal/43582/1820/1.jpg,1946-4274,,True
https://link.springer.com/journal/43583,MRS Internet Journal of Nitride Semiconductor Research, ,Hybrid,,,,,,,https://media.springernature.com/w92/springer-static/cover/journal/43583.jpg,https://media.springernature.com/w92/springer-static/cover/journal/43583/10/1.jpg,1092-5783,,True
https://link.springer.com/journal/42833,BMC Materials,,,,,,,,,,,,,True
https://link.springer.com/journal/40679,Advanced Structural and Chemical Imaging,,,,,,,,,https://media.springernature.com/w92/springer-static/cover/journal/40679.jpg,,,,True
https://link.springer.com/journal/40553,Metallurgical and Materials Transactions E,,,,,,,,,https://media.springernature.com/w92/springer-static/cover/journal/40553.jpg,,,,True
https://link.springer.com/journal/13536,Materials Science-Poland,,,,,,,,,https://media.springernature.com/w92/springer-static/cover/journal/13536.jpg,,,,True
https://link.springer.com/journal/13758,Biointerphases,,,,,,,,,,,,,True
https://link.springer.com/journal/12030,NanoBiotechnology,,,,,,,,,https://media.springernature.com/w92/springer-static/cover/journal/12030.jpg,,,,True
https://link.springer.com/journal/10820,Scientific Modeling and Simulation SMNS,,,,,,,,,https://media.springernature.com/w92/springer-static/cover/journal/10820.jpg,,,,True
https://link.springer.com/journal/12167,Surface Coatings International Part B: Coatings Transactions,,,,,,,,,https://media.springernature.com/w92/springer-static/cover/journal/12167.jpg,,,,True
https://link.springer.com/journal/10793,Interface Science,,,,,,,,,https://media.springernature.com/w92/springer-static/cover/journal/10793.jpg,,,,True
https://link.springer.com/journal/10855,Journal of Materials Science Letters,,,,,,,,,https://media.springernature.com/w92/springer-static/cover/journal/10855.jpg,,,,True
https://link.springer.com/journal/10019,Materials Research Innovations,,,,,,,,,https://media.springernature.com/w92/springer-static/cover/journal/10019.jpg,,,,True
https://link.springer.com/journal/12166,Journal of Coatings Technology,,,,,,,,,https://media.springernature.com/w92/springer-static/cover/journal/12166.jpg,,,,True
https://link.springer.com/journal/10954,Journal of Materials Synthesis and Processing,,,,,,,,,https://media.springernature.com/w92/springer-static/cover/journal/10954.jpg,,,,True
https://link.springer.com/journal/10860,Journal of Computer-Assisted Microscopy,,,,,,,,,https://media.springernature.com/w92/springer-static/cover/journal/10860.jpg,,,,True
https://link.springer.com/journal/136,Journal of Heat Treating,,,,,,,,,https://media.springernature.com/w92/springer-static/cover/journal/136.jpg,,,,True
https://link.springer.com/journal/135,Journal of Materials Engineering,,,,,,,,,https://media.springernature.com/w92/springer-static/cover/journal/135.jpg,,,,True
https://link.springer.com/journal/499,Journal of Materials Shaping Technology,,,,,,,,,https://media.springernature.com/w92/springer-static/cover/journal/499.jpg,,,,True
https://link.springer.com/journal/12386,Journal of Materials for Energy Systems,,,,,,,,,https://media.springernature.com/w92/springer-static/cover/journal/12386.jpg,,,,True
https://link.springer.com/journal/12387,Journal of Applied Metalworking,,,,,,,,,https://media.springernature.com/w92/springer-static/cover/journal/12387.jpg,,,,True
